{
  "$schema": "https://design-tokens.github.io/community-group/format.json",
  "$metadata": {
    "name": "FYRK Complete Design System",
    "version": "1.0.0",
    "description": "Komplett WCAG 2.1 AA-compliant designsystem for FYRK - Norwegian B2B Fintech",
    "author": "FYRK",
    "created": "2025-11-07",
    "compliance": "WCAG 2.1 Level AA",
    "license": "Proprietary",
    "documentation": "https://fyrk.no/design-system"
  },
  "brand": {
    "name": "FYRK",
    "tagline": "Vi hjelper organisasjoner å få mennesker, prosesser og teknologi til å virke sammen for å skape produkter som virker",
    "values": [
      "Autoritet og profesjonalitet",
      "Klarhet og presisjon",
      "Innovasjon gjennom teknologi",
      "Menneskesentrisk design",
      "WCAG 2.1 AA compliance som standard"
    ],
    "target_audience": "B2B Fintech, regulerte industrier, bedriftskunder",
    "design_principles": [
      "Klarhet over kreativitet",
      "Autoritet gjennom typografi",
      "Tilgjengelighet som ikke-forhandlingsbart krav",
      "8-punkts grid-system for konsistens",
      "Geometrisk sans-serif typografi",
      "Dyp marineblå for profesjonalitet",
      "Skarp turkis/cyan for KI og innovasjon"
    ]
  },
  "design_system_contents": {
    "colors": {
      "brand": {
        "navy": "#001F3F",
        "cyan": "#5AB9D3",
        "white": "#FFFFFF"
      },
      "feedback": {
        "success": "#0F7C3E",
        "error": "#C41E3A",
        "warning": "#E67E22",
        "info": "#1E88E5"
      },
      "neutrals": {
        "gray_50": "#FAFAFA",
        "gray_100": "#F5F5F5",
        "gray_700": "#333333"
      }
    },
    "typography": {
      "font_family": {
        "primary": "Inter",
        "body": "System fonts",
        "mono": "Courier New"
      },
      "font_sizes": {
        "display": "56px",
        "h1": "48px",
        "h2": "36px",
        "h3": "28px",
        "base": "16px"
      },
      "font_weights": {
        "regular": 400,
        "medium": 500,
        "semibold": 600,
        "bold": 700
      },
      "line_heights": {
        "tight": 1.2,
        "snug": 1.3,
        "normal": 1.5,
        "relaxed": 1.6
      }
    },
    "spacing": {
      "system": "8-point grid",
      "values": {
        "1": "4px",
        "2": "8px",
        "4": "16px",
        "6": "24px",
        "8": "32px",
        "12": "48px",
        "16": "64px",
        "24": "96px"
      }
    },
    "border_radius": {
      "sm": "4px",
      "md": "6px",
      "lg": "8px",
      "xl": "12px",
      "2xl": "16px",
      "full": "9999px"
    },
    "shadows": {
      "sm": "0 1px 2px rgba(0,0,0,0.05)",
      "md": "0 4px 6px rgba(0,0,0,0.1)",
      "lg": "0 10px 15px rgba(0,0,0,0.1)",
      "xl": "0 20px 25px rgba(0,0,0,0.1)"
    }
  },
  "components": {
    "button": {
      "variants": [
        "primary",
        "secondary",
        "accent",
        "outline",
        "ghost"
      ],
      "sizes": {
        "sm": "40px",
        "md": "48px",
        "lg": "56px"
      },
      "padding": {
        "sm": "0 16px",
        "md": "0 24px",
        "lg": "0 32px"
      },
      "wcag_compliance": "WCAG 2.1 AA with enhanced 48px touch targets"
    },
    "input": {
      "height": "48px",
      "padding": "12px 16px",
      "border_radius": "8px"
    },
    "card": {
      "padding": "24px",
      "shadow": "md",
      "border_radius": "8px"
    },
    "navigation": {
      "component": "FyrkNavigation",
      "height": "64px",
      "features": [
        "Sticky positioning",
        "Skip link",
        "Keyboard navigation"
      ]
    },
    "sidebar": {
      "component": "FyrkSidebar",
      "width": {
        "collapsed": "64px",
        "expanded": "280px"
      },
      "features": [
        "Collapsible",
        "Keyboard shortcut: Alt+S"
      ]
    },
    "tabs": {
      "component": "FyrkTabs",
      "variants": [
        "default",
        "pills"
      ],
      "features": [
        "Arrow key navigation",
        "ARIA support"
      ]
    },
    "toast": {
      "component": "FyrkToast (Sonner)",
      "variants": [
        "default",
        "success",
        "error",
        "warning",
        "info"
      ],
      "duration": {
        "default": "4000ms",
        "success": "3000ms",
        "error": "6000ms"
      }
    },
    "pagination": {
      "component": "FyrkPagination",
      "min_touch_target": "48px"
    },
    "breadcrumb": {
      "component": "FyrkBreadcrumb",
      "separator": "/",
      "features": [
        "JSON-LD support"
      ]
    },
    "data_card": {
      "component": "FyrkDataCard",
      "features": [
        "Icon support",
        "Trend indicators"
      ]
    },
    "loading": {
      "component": "FyrkSpinner",
      "sizes": [
        "sm",
        "md",
        "lg"
      ]
    }
  },
  "logo_variants": [
    {
      "name": "Primary Logo",
      "file": "FyrkLogo.tsx",
      "usage": "Headers, marketing, primary branding"
    },
    {
      "name": "Monogram",
      "file": "FyrkMonogram.tsx",
      "usage": "Favicons, app icons, avatars"
    },
    {
      "name": "Liquid Glass",
      "file": "LiquidGlass.tsx",
      "usage": "Hero sections, premium presentations"
    }
  ],
  "templates": [
    {
      "name": "Landing Page",
      "file": "LandingPageTemplate.tsx",
      "use_case": "Marketing, product launches"
    },
    {
      "name": "Dashboard",
      "file": "DashboardTemplate.tsx",
      "use_case": "SaaS applications, admin panels"
    },
    {
      "name": "Login",
      "file": "LoginTemplate.tsx",
      "use_case": "User authentication"
    },
    {
      "name": "Settings",
      "file": "SettingsTemplate.tsx",
      "use_case": "User preferences, account settings"
    }
  ],
  "accessibility": {
    "compliance_level": "WCAG 2.1 Level AA",
    "focus": {
      "ring_width": "3px",
      "ring_color": "#5AB9D3",
      "ring_offset": "2px"
    },
    "touch_targets": {
      "wcag_minimum": "44px",
      "fyrk_standard": "48px"
    },
    "color_contrast": {
      "normal_text": "4.5:1 minimum",
      "large_text": "3:1 minimum",
      "ui_components": "3:1 minimum",
      "all_tested": true
    },
    "keyboard_navigation": {
      "supported": true,
      "skip_links": true,
      "focus_management": "Comprehensive",
      "tab_order": "Logical"
    },
    "screen_readers": {
      "aria_labels": "Required for all interactive elements",
      "alt_text": "Required for all images",
      "semantic_html": "Used throughout"
    },
    "reduced_motion": "All animations respect prefers-reduced-motion"
  },
  "animation": {
    "duration": {
      "fast": "150ms",
      "normal": "250ms",
      "slow": "350ms"
    },
    "easing": {
      "default": "cubic-bezier(0.4, 0, 0.2, 1)",
      "in": "cubic-bezier(0.4, 0, 1, 1)",
      "out": "cubic-bezier(0, 0, 0.2, 1)"
    }
  },
  "file_structure": {
    "components": {
      "brand": "FYRK-specific branded components (20+ components)",
      "ui": "shadcn/ui base components (40+ components)",
      "templates": "Complete page templates (4 templates)",
      "figma": "Figma integration utilities"
    },
    "guidelines": "12+ comprehensive markdown documentation files",
    "styles": "Global CSS including Tailwind v4.0 configuration",
    "exports": "Logo exports in various formats"
  },
  "usage_guidelines": {
    "do": [
      "Bruk dyp marineblå (#001F3F) for alle primære elementer",
      "Bruk cyan (#5AB9D3) for KI og innovasjonsrelaterte elementer",
      "Følg 8-punkts grid-systemet for spacing",
      "Sørg for minimum 48px touch targets på alle interaktive elementer",
      "Test all farge-kontrast med WCAG 2.1 AA verktøy",
      "Bruk cyan.text (#2F8FA8) for cyan tekst på hvit bakgrunn",
      "Inkluder alt-tekst for alle bilder",
      "Bruk semantisk HTML",
      "Test med keyboard navigation",
      "Test med skjermlesere"
    ],
    "dont": [
      "Bruk aldri cyan (#5AB9D3) for tekst på hvit bakgrunn - fails WCAG",
      "Ikke bruk font-sizes under 16px for body tekst",
      "Ikke bruk touch targets mindre enn 48px",
      "Ikke ignorer focus states",
      "Ikke bruk kun farge for å formidle informasjon",
      "Ikke bruk komplekse animasjoner uten reduced motion support",
      "Ikke bruk bilder uten alt-tekst",
      "Ikke lag custom komponenter som ignorerer keyboard navigation"
    ]
  },
  "export_formats": {
    "figma_tokens": {
      "file": "fyrk-design-tokens.json",
      "format": "W3C Design Tokens Community Group format",
      "compatible_with": [
        "Figma Tokens plugin",
        "Style Dictionary",
        "Theo"
      ]
    },
    "html_export": {
      "files": [
        "design-system-export.html",
        "figma-design-tokens.html"
      ],
      "description": "Standalone HTML files with complete design system showcase"
    },
    "react_components": {
      "location": "/components/brand",
      "count": "20+ components",
      "framework": "React + TypeScript + Tailwind CSS"
    }
  },
  "version_history": {
    "1.0.0": {
      "date": "2025-11-07",
      "changes": [
        "Initial complete design system",
        "WCAG 2.1 AA compliance achieved",
        "20+ React components",
        "Complete Figma tokens export",
        "4 page templates",
        "Comprehensive documentation"
      ]
    }
  },
  "detailed_tokens": {
    "$schema": "https://design-tokens.github.io/community-group/format.json",
    "$metadata": {
      "name": "FYRK Design System",
      "version": "1.0",
      "description": "WCAG 2.1 AA Compliant Design System for Norwegian B2B Fintech",
      "author": "FYRK",
      "compliance": "WCAG 2.1 Level AA"
    },
    "color": {
      "$type": "color",
      "brand": {
        "navy": {
          "$value": "#001F3F",
          "$description": "Primary brand color - Authoritative, professional, trustworthy. 15.6:1 contrast on white (AAA)",
          "dark": {
            "$value": "#001a33",
            "$description": "Darker navy for pressed states"
          },
          "light": {
            "$value": "#002a56",
            "$description": "Lighter navy for hover states"
          },
          "dark-mode": {
            "$value": "#3D5A80",
            "$description": "Lightened navy for dark mode backgrounds"
          }
        },
        "cyan": {
          "$value": "#5AB9D3",
          "$description": "Secondary brand color - Innovation accent. For UI elements only, NOT for text on white (2.8:1)",
          "text": {
            "$value": "#2F8FA8",
            "$description": "Cyan for text on white backgrounds (4.5:1 AA compliant)"
          },
          "light": {
            "$value": "#7CC8DD",
            "$description": "Light cyan for UI elements"
          },
          "lighter": {
            "$value": "#9ED7E7",
            "$description": "Lighter cyan for backgrounds and accents"
          },
          "lightest": {
            "$value": "#C0E6F1",
            "$description": "Lightest cyan for subtle backgrounds"
          },
          "dark": {
            "$value": "#3A97B7",
            "$description": "Dark cyan for active states"
          },
          "darker": {
            "$value": "#2A7A92",
            "$description": "Darker cyan for high contrast text (6.2:1)"
          }
        },
        "white": {
          "$value": "#FFFFFF",
          "$description": "Clean foundation - backgrounds, cards"
        }
      },
      "neutral": {
        "gray": {
          "50": {
            "$value": "#FAFAFA",
            "$description": "Lightest gray for subtle backgrounds"
          },
          "100": {
            "$value": "#F5F5F5",
            "$description": "Light gray - secondary backgrounds, input fields (14.8:1 with navy text)"
          },
          "200": {
            "$value": "#E0E0E0",
            "$description": "Border gray - dividers, subtle outlines (decorative only)"
          },
          "300": {
            "$value": "#CBCED4",
            "$description": "Switch background - UI element default state"
          },
          "500": {
            "$value": "#717182",
            "$description": "Medium gray - supporting text, metadata (4.6:1 AA at 16px+)"
          },
          "700": {
            "$value": "#333333",
            "$description": "Dark gray - body text (12.6:1 AAA)"
          },
          "900": {
            "$value": "#0F1419",
            "$description": "Near black - dark mode backgrounds"
          }
        }
      },
      "feedback": {
        "success": {
          "$value": "#0F7C3E",
          "$description": "Success green - positive outcomes (5.2:1 AA)",
          "dark": {
            "$value": "#0A5C2E",
            "$description": "Success dark - active state"
          },
          "light": {
            "$value": "#D4F4E2",
            "$description": "Success light - background only (decorative)"
          }
        },
        "error": {
          "$value": "#C41E3A",
          "$description": "Error red - errors and destructive actions (5.8:1 AA)",
          "dark": {
            "$value": "#A01829",
            "$description": "Error dark - active state"
          },
          "light": {
            "$value": "#FCE8EC",
            "$description": "Error light - background only (decorative)"
          }
        },
        "warning": {
          "$value": "#E67E22",
          "$description": "Warning orange - cautions (3.1:1 large text only)",
          "text": {
            "$value": "#8B4513",
            "$description": "Warning text - high contrast for text (6.1:1 AAA)"
          },
          "light": {
            "$value": "#FDF0E6",
            "$description": "Warning light - background only (decorative)"
          }
        },
        "info": {
          "$value": "#1E88E5",
          "$description": "Info blue - informational messages (4.6:1 AA)",
          "dark": {
            "$value": "#155A9C",
            "$description": "Info dark - active state"
          },
          "light": {
            "$value": "#E3F2FD",
            "$description": "Info light - background only (decorative)"
          }
        }
      },
      "semantic": {
        "background": {
          "$value": "#FFFFFF",
          "$description": "Default background color"
        },
        "foreground": {
          "$value": "#333333",
          "$description": "Default foreground/text color"
        },
        "primary": {
          "$value": "#001F3F",
          "$description": "Primary semantic color"
        },
        "primary-foreground": {
          "$value": "#FFFFFF",
          "$description": "Text color on primary background"
        },
        "secondary": {
          "$value": "#F5F5F5",
          "$description": "Secondary semantic color"
        },
        "secondary-foreground": {
          "$value": "#001F3F",
          "$description": "Text color on secondary background"
        },
        "accent": {
          "$value": "#5AB9D3",
          "$description": "Accent semantic color"
        },
        "accent-foreground": {
          "$value": "#FFFFFF",
          "$description": "Text color on accent background"
        },
        "muted": {
          "$value": "#F5F5F5",
          "$description": "Muted semantic color"
        },
        "muted-foreground": {
          "$value": "#717182",
          "$description": "Muted text color"
        },
        "border": {
          "$value": "rgba(0, 0, 0, 0.1)",
          "$description": "Default border color"
        },
        "ring": {
          "$value": "#5AB9D3",
          "$description": "Focus ring color"
        }
      },
      "dark-mode": {
        "background": {
          "$value": "#0F1419",
          "$description": "Dark mode background (16.8:1 with white)"
        },
        "foreground": {
          "$value": "#FFFFFF",
          "$description": "Dark mode text color"
        },
        "card": {
          "$value": "#1A2332",
          "$description": "Dark mode card surface (13.5:1 with white)"
        },
        "primary": {
          "$value": "#7CC8DD",
          "$description": "Dark mode primary (cyan)"
        },
        "primary-foreground": {
          "$value": "#0F1419",
          "$description": "Dark text on cyan in dark mode"
        },
        "secondary": {
          "$value": "#2A3F5F",
          "$description": "Dark mode secondary (darker navy-blue)"
        },
        "muted": {
          "$value": "#2A3F5F",
          "$description": "Dark mode muted background"
        },
        "muted-foreground": {
          "$value": "#B8C5D3",
          "$description": "Dark mode muted text (7.8:1)"
        },
        "accent": {
          "$value": "#9ED7E7",
          "$description": "Dark mode accent (bright cyan, 8.2:1)"
        },
        "destructive": {
          "$value": "#EF6878",
          "$description": "Dark mode destructive (lightened red, 5.1:1)"
        },
        "border": {
          "$value": "rgba(124, 200, 221, 0.2)",
          "$description": "Dark mode border (subtle cyan)"
        }
      },
      "chart": {
        "1": {
          "$value": "#5AB9D3",
          "$description": "Chart color 1 - Cyan"
        },
        "2": {
          "$value": "#001F3F",
          "$description": "Chart color 2 - Navy"
        },
        "3": {
          "$value": "#7CC8DD",
          "$description": "Chart color 3 - Light cyan"
        },
        "4": {
          "$value": "#9ED7E7",
          "$description": "Chart color 4 - Lighter cyan"
        },
        "5": {
          "$value": "#C0E6F1",
          "$description": "Chart color 5 - Lightest cyan"
        }
      }
    },
    "font": {
      "$type": "fontFamily",
      "primary": {
        "$value": "Inter, -apple-system, BlinkMacSystemFont, sans-serif",
        "$description": "Primary font for headings, labels, buttons"
      },
      "body": {
        "$value": "-apple-system, BlinkMacSystemFont, 'Segoe UI', Roboto, 'Helvetica Neue', Arial, sans-serif",
        "$description": "System fonts for body text"
      },
      "mono": {
        "$value": "'Courier New', Courier, monospace",
        "$description": "Monospace font for code"
      }
    },
    "fontSize": {
      "$type": "dimension",
      "display": {
        "$value": "3.5rem",
        "$description": "56px - Hero headlines"
      },
      "h1": {
        "$value": "3rem",
        "$description": "48px - Page titles"
      },
      "h2": {
        "$value": "2.25rem",
        "$description": "36px - Section headers"
      },
      "h3": {
        "$value": "1.75rem",
        "$description": "28px - Subsections"
      },
      "h4": {
        "$value": "1.5rem",
        "$description": "24px - Card titles"
      },
      "h5": {
        "$value": "1.25rem",
        "$description": "20px - Small headers"
      },
      "h6": {
        "$value": "1.125rem",
        "$description": "18px - Micro headers"
      },
      "lg": {
        "$value": "1.125rem",
        "$description": "18px - Large body text"
      },
      "base": {
        "$value": "1rem",
        "$description": "16px - Default body (WCAG minimum)"
      },
      "sm": {
        "$value": "0.875rem",
        "$description": "14px - Metadata, captions"
      },
      "xs": {
        "$value": "0.75rem",
        "$description": "12px - Labels (use sparingly)"
      }
    },
    "fontWeight": {
      "$type": "number",
      "regular": {
        "$value": 400,
        "$description": "Regular weight - body text"
      },
      "medium": {
        "$value": 500,
        "$description": "Medium weight - labels, buttons"
      },
      "semibold": {
        "$value": 600,
        "$description": "Semibold weight - headings"
      },
      "bold": {
        "$value": 700,
        "$description": "Bold weight - emphasis"
      }
    },
    "lineHeight": {
      "$type": "number",
      "tight": {
        "$value": 1.2,
        "$description": "Tight line height - headlines (H1-H2)"
      },
      "snug": {
        "$value": 1.3,
        "$description": "Snug line height - H3-H4"
      },
      "normal": {
        "$value": 1.5,
        "$description": "Normal line height - H5-H6, WCAG minimum"
      },
      "relaxed": {
        "$value": 1.6,
        "$description": "Relaxed line height - body text (enhanced readability)"
      }
    },
    "spacing": {
      "1": {
        "$value": "0.25rem",
        "$description": "4px - Minimal spacing"
      },
      "2": {
        "$value": "0.5rem",
        "$description": "8px - Base unit of 8-point grid"
      },
      "3": {
        "$value": "0.75rem",
        "$description": "12px - Small spacing"
      },
      "4": {
        "$value": "1rem",
        "$description": "16px - Standard spacing"
      },
      "5": {
        "$value": "1.25rem",
        "$description": "20px - Medium spacing"
      },
      "6": {
        "$value": "1.5rem",
        "$description": "24px - Large spacing"
      },
      "8": {
        "$value": "2rem",
        "$description": "32px - Extra large spacing"
      },
      "10": {
        "$value": "2.5rem",
        "$description": "40px - Section spacing"
      },
      "12": {
        "$value": "3rem",
        "$description": "48px - Large section spacing"
      },
      "16": {
        "$value": "4rem",
        "$description": "64px - Page section spacing"
      },
      "20": {
        "$value": "5rem",
        "$description": "80px - Major section spacing"
      },
      "24": {
        "$value": "6rem",
        "$description": "96px - Hero spacing"
      },
      "$type": "dimension"
    },
    "borderRadius": {
      "$type": "dimension",
      "none": {
        "$value": "0",
        "$description": "No border radius"
      },
      "sm": {
        "$value": "0.25rem",
        "$description": "4px - Small radius"
      },
      "md": {
        "$value": "0.375rem",
        "$description": "6px - Medium radius"
      },
      "lg": {
        "$value": "0.5rem",
        "$description": "8px - Large radius (default for buttons, cards)"
      },
      "xl": {
        "$value": "0.75rem",
        "$description": "12px - Extra large radius"
      },
      "2xl": {
        "$value": "1rem",
        "$description": "16px - 2XL radius"
      },
      "full": {
        "$value": "9999px",
        "$description": "Full circle/pill shape"
      }
    },
    "borderWidth": {
      "0": {
        "$value": "0",
        "$description": "No border"
      },
      "1": {
        "$value": "1px",
        "$description": "Default border"
      },
      "2": {
        "$value": "2px",
        "$description": "Medium border (buttons, inputs)"
      },
      "3": {
        "$value": "3px",
        "$description": "Focus ring width"
      },
      "4": {
        "$value": "4px",
        "$description": "Emphasis border"
      },
      "$type": "dimension"
    },
    "shadow": {
      "$type": "shadow",
      "sm": {
        "$value": {
          "offsetX": "0",
          "offsetY": "1px",
          "blur": "2px",
          "spread": "0",
          "color": "rgba(0, 0, 0, 0.05)"
        },
        "$description": "Small shadow for subtle elevation"
      },
      "md": {
        "$value": {
          "offsetX": "0",
          "offsetY": "4px",
          "blur": "6px",
          "spread": "-1px",
          "color": "rgba(0, 0, 0, 0.1)"
        },
        "$description": "Medium shadow for cards"
      },
      "lg": {
        "$value": {
          "offsetX": "0",
          "offsetY": "10px",
          "blur": "15px",
          "spread": "-3px",
          "color": "rgba(0, 0, 0, 0.1)"
        },
        "$description": "Large shadow for elevated components"
      },
      "xl": {
        "$value": {
          "offsetX": "0",
          "offsetY": "20px",
          "blur": "25px",
          "spread": "-5px",
          "color": "rgba(0, 0, 0, 0.1)"
        },
        "$description": "Extra large shadow for modals"
      },
      "inner": {
        "$value": {
          "inset": true,
          "offsetX": "0",
          "offsetY": "2px",
          "blur": "4px",
          "spread": "0",
          "color": "rgba(0, 0, 0, 0.06)"
        },
        "$description": "Inner shadow for pressed states"
      }
    },
    "component": {
      "button": {
        "height": {
          "$type": "dimension",
          "sm": {
            "$value": "2.5rem",
            "$description": "40px - Small button height"
          },
          "md": {
            "$value": "3rem",
            "$description": "48px - Medium button height (default, WCAG enhanced)"
          },
          "lg": {
            "$value": "3.5rem",
            "$description": "56px - Large button height"
          }
        },
        "padding": {
          "$type": "dimension",
          "sm": {
            "$value": "0 1rem",
            "$description": "16px horizontal padding for small buttons"
          },
          "md": {
            "$value": "0 1.5rem",
            "$description": "24px horizontal padding for medium buttons"
          },
          "lg": {
            "$value": "0 2rem",
            "$description": "32px horizontal padding for large buttons"
          }
        }
      },
      "input": {
        "height": {
          "$type": "dimension",
          "default": {
            "$value": "3rem",
            "$description": "48px - Input field height (WCAG enhanced)"
          }
        },
        "padding": {
          "$type": "dimension",
          "default": {
            "$value": "0.75rem 1rem",
            "$description": "12px vertical, 16px horizontal padding"
          }
        }
      },
      "card": {
        "padding": {
          "$type": "dimension",
          "default": {
            "$value": "1.5rem",
            "$description": "24px - Default card padding"
          }
        }
      }
    },
    "animation": {
      "duration": {
        "$type": "duration",
        "fast": {
          "$value": "150ms",
          "$description": "Fast animations (hover states)"
        },
        "normal": {
          "$value": "250ms",
          "$description": "Normal animations (transitions)"
        },
        "slow": {
          "$value": "350ms",
          "$description": "Slow animations (complex transitions)"
        }
      },
      "easing": {
        "$type": "cubicBezier",
        "default": {
          "$value": [
            0.4,
            0,
            0.2,
            1
          ],
          "$description": "Default easing function"
        },
        "in": {
          "$value": [
            0.4,
            0,
            1,
            1
          ],
          "$description": "Ease in"
        },
        "out": {
          "$value": [
            0,
            0,
            0.2,
            1
          ],
          "$description": "Ease out"
        },
        "in-out": {
          "$value": [
            0.4,
            0,
            0.2,
            1
          ],
          "$description": "Ease in-out"
        }
      }
    },
    "opacity": {
      "0": {
        "$value": 0,
        "$description": "Fully transparent"
      },
      "10": {
        "$value": 0.1,
        "$description": "10% opacity"
      },
      "20": {
        "$value": 0.2,
        "$description": "20% opacity"
      },
      "40": {
        "$value": 0.4,
        "$description": "40% opacity"
      },
      "60": {
        "$value": 0.6,
        "$description": "60% opacity"
      },
      "80": {
        "$value": 0.8,
        "$description": "80% opacity"
      },
      "100": {
        "$value": 1,
        "$description": "Fully opaque"
      },
      "$type": "number"
    },
    "accessibility": {
      "focus": {
        "ring-width": {
          "$type": "dimension",
          "$value": "3px",
          "$description": "Focus ring width (WCAG 2.4.7)"
        },
        "ring-offset": {
          "$type": "dimension",
          "$value": "2px",
          "$description": "Focus ring offset from element"
        },
        "ring-color": {
          "$type": "color",
          "$value": "#5AB9D3",
          "$description": "Focus ring color (5.1:1 contrast on navy)"
        },
        "ring-color-light": {
          "$type": "color",
          "$value": "#001F3F",
          "$description": "Focus ring color on light backgrounds"
        }
      },
      "min-touch-target": {
        "$type": "dimension",
        "$value": "44px",
        "$description": "WCAG 2.1 AA minimum touch target (2.5.5)"
      },
      "fyrk-touch-target": {
        "$type": "dimension",
        "$value": "48px",
        "$description": "FYRK enhanced touch target standard"
      }
    }
  },
  "contact": {
    "website": "https://fyrk.no",
    "support": "For spørsmål om designsystemet, kontakt designteamet"
  }
}